{
  "bezier": {
    "start point": [
      152.4,
      0.0,
      0.0
    ],
    "control two": [
      152.4,
      143.33333333333334,
      0.0
    ],
    "end point": [
      250.0,
      233.33333333333334,
      0.0
    ],
    "control one": [
      142.4,
      133.33333333333334,
      0.0
    ],
    "number of points": [
      12.0
    ]
  }
}