{
  "bezier": {
    "start point": [
      152.4,
      0.0,
      0.0
    ],
    "control two": [
      152.4,
      178.12118024617104,
      0.0
    ],
    "end point": [
      200.0,
      133.33333333333334,
      0.0
    ],
    "control one": [
      154.76913732224432,
      101.6404921185171,
      0.0
    ],
    "number of points": [
      20.0
    ]
  }
}