{
  "bezier": {
    "start point": [
      -120.72471987150308,
      52.019153077829884,
      0.0
    ],
    "control two": [
      -183.9676858102334,
      -165.51654261093267,
      0.0
    ],
    "end point": [
      -83.9676858102334,
      -172.4080260168322,
      0.0
    ],
    "control one": [
      -229.947664012951,
      -9.825887902936259,
      0.0
    ],
    "number of points": [
      20.0
    ]
  }
}