{
  "bezier": {
    "start point": [
      -219.67354050880394,
      6.027785631943658,
      0.0
    ],
    "control two": [
      -183.9676858102334,
      -165.51654261093267,
      0.0
    ],
    "end point": [
      -83.9676858102334,
      -172.4080260168322,
      0.0
    ],
    "control one": [
      -222.7703864591958,
      -43.97221436805634,
      0.0
    ],
    "number of points": [
      10.0
    ]
  }
}