{
  "bezier": {
    "start point": [
      148.68756956696265,
      98.91055233994737,
      0.0
    ],
    "control two": [
      151.11041956254698,
      59.81928145662198,
      0.0
    ],
    "end point": [
      153.88610026698925,
      -4.814469721440361,
      0.0
    ],
    "control one": [
      150.9949201206261,
      37.06551135918123,
      0.0
    ],
    "number of points": [
      20.0
    ]
  }
}