{
  "bezier": {
    "start point": [
      153.88610026698925,
      -4.814469721440361,
      0.0
    ],
    "control two": [
      66.82191031882067,
      -162.42810001014752,
      0.0
    ],
    "end point": [
      -0.05426195476793794,
      -150.95130107261213,
      0.0
    ],
    "control one": [
      157.31386544049187,
      -84.63248371938471,
      0.0
    ],
    "number of points": [
      20.0
    ]
  }
}