{
  "bezier": {
    "start point": [
      -83.9676858102334,
      -172.4080260168322,
      0.0
    ],
    "control two": [
      99.55698508697486,
      -181.44463881555396,
      0.0
    ],
    "end point": [
      199.55698508697486,
      100.0,
      0.0
    ],
    "control one": [
      5.366776727610755,
      -178.56449567837723,
      0.0
    ],
    "number of points": [
      5.0
    ]
  }
}