{
  "bezier": {
    "start point": [
      -0.05426195476793794,
      -150.95130107261213,
      0.0
    ],
    "control two": [
      -148.4041760179752,
      -76.32239615559531,
      0.0
    ],
    "end point": [
      -151.14336004072106,
      -0.5634044841308139,
      0.0
    ],
    "control one": [
      -80.40053604779504,
      -137.16286190516965,
      0.0
    ],
    "number of points": [
      20.0
    ]
  }
}