{
  "bezier": {
    "start point": [
      199.55698508697486,
      100.0,
      0.0
    ],
    "control two": [
      -51.267450402107386,
      298.3254271346922,
      0.0
    ],
    "end point": [
      -166.42882118510633,
      233.84413019600143,
      0.0
    ],
    "control one": [
      249.17258107228722,
      239.64043491704686,
      0.0
    ],
    "number of points": [
      15.0
    ]
  }
}