{
  "bezier": {
    "start point": [
      199.55698508697486,
      100.0,
      0.0
    ],
    "control two": [
      -309.0398115925019,
      502.1225653991645,
      0.0
    ],
    "end point": [
      -166.42882118510633,
      286.2163071387487,
      0.0
    ],
    "control one": [
      141.21151681307472,
      389.7858104787565,
      0.0
    ],
    "number of points": [
      20.0
    ]
  }
}