{
  "bezier": {
    "start point": [
      -151.14336004072106,
      -0.5634044841308139,
      0.0
    ],
    "control two": [
      -204.49282333267908,
      168.72253695576975,
      -158.31178973707495
    ],
    "end point": [
      -104.49282333267908,
      311.1551670342451,
      -8.31178973707496
    ],
    "control one": [
      -162.8057587606653,
      149.96279297317562,
      0.0
    ],
    "number of points": [
      20.0
    ]
  }
}