{
  "bezier": {
    "start point": [
      -151.14336004072106,
      -0.5634044841308139,
      0.0
    ],
    "control two": [
      52.905425492591085,
      0.0,
      50.0
    ],
    "end point": [
      52.905425492591085,
      0.0,
      0.0
    ],
    "control one": [
      -162.8057587606653,
      149.96279297317562,
      0.0
    ],
    "number of points": [
      20.0
    ]
  }
}