{
  "bezier": {
    "start point": [
      160.0,
      -110.0,
      0.0
    ],
    "control two": [
      140.0,
      -193.76832022895323,
      11.79713233320208
    ],
    "end point": [
      110.0,
      -160.0,
      0.0
    ],
    "control one": [
      160.0,
      -150.28896269900827,
      0.0
    ],
    "number of points": [
      12.0
    ]
  }
}