{
  "bezier": {
    "start point": [
      175.0,
      195.0,
      0.0
    ],
    "control two": [
      195.15814965708844,
      -75.0,
      0.0
    ],
    "end point": [
      175.0,
      -125.0,
      0.0
    ],
    "control one": [
      107.87250555781449,
      145.0,
      0.0
    ],
    "number of points": [
      12.0
    ]
  }
}