{
  "bezier": {
    "start point": [
      125.0,
      -175.0,
      0.0
    ],
    "control two": [
      -75.0,
      -175.0,
      0.0
    ],
    "end point": [
      -125.0,
      -175.0,
      0.0
    ],
    "control one": [
      -34.56261294860363,
      -494.1252258972073,
      0.0
    ],
    "number of points": [
      12.0
    ]
  }
}