{
  "bezier": {
    "start point": [
      -125.0,
      -175.0,
      0.0
    ],
    "control two": [
      -9.82925250837429,
      0.0,
      0.0
    ],
    "end point": [
      -125.0,
      -175.0,
      0.0
    ],
    "control one": [
      -391.669078944036,
      -174.99999999999994,
      0.0
    ],
    "number of points": [
      12.0
    ]
  }
}