{
  "bezier": {
    "start point": [
      175.0,
      -125.0,
      0.0
    ],
    "control two": [
      175.0,
      -219.3174933201106,
      0.0
    ],
    "end point": [
      125.0,
      -175.0,
      0.0
    ],
    "control one": [
      175.00000000000003,
      -317.54770172735607,
      0.0
    ],
    "number of points": [
      6.0
    ]
  }
}