{
  "bezier": {
    "start point": [
      125.0,
      -175.0,
      0.0
    ],
    "control two": [
      -75.0,
      -175.0,
      0.0
    ],
    "end point": [
      -125.0,
      -175.0,
      0.0
    ],
    "control one": [
      -25.07128681765394,
      -475.14257363530794,
      0.0
    ],
    "number of points": [
      12.0
    ]
  }
}