{
  "bezier": {
    "start point": [
      125.0,
      -175.0,
      0.0
    ],
    "control two": [
      0.0,
      50.0,
      -50.0
    ],
    "end point": [
      100.0,
      100.0,
      100.0
    ],
    "control one": [
      56.0797562395489,
      -312.84048752090223,
      0.0
    ],
    "number of points": [
      6.0
    ]
  }
}